id,ability_id,effect,short_effect,flavor_text
1,1,如果这只生物的伤害性技能尚未造成退缩作为次要效果，则每次攻击都有 10% 的几率使目标退缩。该能力不会与持有的物品叠加。冒险中：当这只生物在队伍中排名第一时，野外遭遇率减半。,每次攻击都有 10% 的几率使目标生物退缩。,通过释放臭臭的气味， 在攻击的时候， 有时会使对手畏缩。
2,2,当这只生物进入对战时，天气会变成下雨，除非被其他天气条件取代，否则不会结束。如果多个具有此能力的生物同时发出干旱、沙流或雪警告，则能力将按速度顺序激活，尊重戏法空间。每个能力的天气都会取消之前的天气，只有速度最慢的生物召唤的天气才会保留。,进入对战后召唤无限期持续的降雨。,出场时， 会将天气变为下雨。
3,3,该生物的速度每回合后都会上升一级。,每回合后速度提升1级。,每一回合速度会变快。
4,4,技能无法对这只生物造成致命一击。该能力的作用与贝壳装甲相同。,防止致命一击。,被坚硬的甲壳守护着， 不会被对手的攻击击中要害。
5,5,当这只生物 ＨＰ 满时，任何将其打倒的攻击都会使其只剩 1 ＨＰ。不管它当前的生命值是多少，它也免疫一击击倒技能：裂缝、断头台、角钻和纯粹的寒冷。如果这只生物持有专注腰带，则该能力优先，并且该物品不会被消耗。,防止被满ＨＰ打倒，留下1 ＨＰ。无论 ＨＰ 多少，都能防御一击 击倒 技能。,即使受到对手的技能攻击， 也不会被一击打倒。 一击必杀的技能也没有效果。
6,6,当这只生物在战斗中时，自毁和爆炸将会失败，余波也不会生效。,当生物在对战时，防止自毁、爆炸和后果发生。,通过把周围都弄湿， 使谁都无法使用自爆等爆炸类的技能。
7,7,该生物不会陷入麻痹状态。如果生物陷入麻痹并获得此能力，则其麻痹状态会被治愈；这包括在离开对战后恢复失去的能力。,防止麻痹。,因为身体柔软， 不会变为麻痹状态。
8,8,在沙尘暴期间，这只生物的回避率为 1.25 倍，并且无论属性如何，它都不会受到沙尘暴伤害。躲避奖励不算作属性修正值。冒险中：如果领头的生物具有此能力，则在沙尘暴中的野外遭遇率会减半。,沙尘暴期间回避率提高至 1.25 倍。防止沙尘暴伤害。,在沙暴的时候， 闪避率会提高。
9,9,每当技能与该生物接触时，该技能的使用者就有 30% 的几率陷入麻痹状态。免疫电属性技能的生物仍然会被该能力麻痹。冒险中：如果领头的生物具有此能力，则有 50% 的机会遇到电属性生物（如果适用）。,有 30% 的几率使接触到的攻击生物陷入麻痹。,身上带有静电， 有时会让接触到的对手麻痹。
10,10,每当电属性技能击中这只生物时，它就会恢复其最大生命值的 1/4，并消除对其产生的任何其他效果。如果该生物是地面属性，因此免疫电属性技能，则此能力不会生效。电属性技能将忽略这只生物的替身。该效果包括非伤害性技能，即电磁波。,吸收电击，回复最大生命值的 1/4。,受到电属性的技能攻击时， 不会受到伤害，而是会回复。
11,11,每当水属性技能击中这只生物时，它会恢复其最大生命值的 1/4，并消除对其产生的任何其他效果。水属性技能会无视这只生物的替身。,吸收水属性技能，回复最大生命值的 1/4。,受到水属性的技能攻击时， 不会受到伤害，而是会回复。
12,12,该生物不会被迷惑，并且免疫迷惑。如果生物陷入迷恋并获得此能力，则其迷恋会被清除。,防止迷恋并防止迷惑。,因为感觉迟钝， 不会变为着迷和被挑衅状态。
13,13,当这只生物在战斗时，天气仍然会起作用，但不会产生任何影响。此能力的功能与 气闸 相同。,消除天气的所有影响，但不能阻止天气本身。,任何天气的影响都会消失。
14,14,该生物的技能命中率是原来的 1.3 倍。该能力对一击击倒技能（地裂、断头钳、角钻、绝对零度）无效。冒险中：如果队伍中的第一只生物拥有此能力，野生生物持有特定物品的几率会分别从 50%、5% 或 1% 提高到 60%、20% 或 5%。,将技能命中率提高至 1.3 倍。,因为拥有复眼， 技能的命中率会提高。
15,15,该生物无法睡觉。这会导致 睡觉 完全失败。如果生物在睡觉并获得此能力，它会立即醒来；这包括在离开对战后恢复失去的能力。该能力与对战中的干劲作用相同。,妨碍睡眠。,因为有着睡不着的体质， 所以不会陷入睡眠状态。
16,16,每当该生物受到伤害类招式直接伤害时，自身属性会变为该招式属性。如果原本有两种属性，两者都会被覆盖。被替身挡下的招式或撒菱等间接伤害不会触发；连续招式只在最后一次命中后触发。,受到伤害类招式击中时，属性会变为该招式属性。,自己的属性会变为 从对手处所受技能的属性。
17,17,该生物不会中毒。这包括剧毒。如果生物中毒并获得此能力，则其毒素会被治愈；这包括在离开对战后恢复失去的能力。,防止中毒。,因为体内拥有免疫能力， 不会变为中毒状态。
18,18,该生物对火属性技能免疫。一旦该生物被火属性技能击中，其自身的火属性技能将造成 1.5 倍的伤害，直到其脱离对战。当生物被冻结时，该能力无效。即使生物被冻结和解冻或者能力丢失或禁用，火属性伤害加成仍会保留。火属性技能将无视这只生物的替身。该能力甚至对非伤害性技能（例如“鬼火”）也有效。,防止火属性技能。一旦吸收，生物自身的火属性技能就会造成 1.5 倍的伤害，直到它离开对战。,受到火属性的技能攻击时， 吸收火焰，自己使出的 火属性技能会变强。
19,19,该生物不受针对它的技能的额外效果影响。额外效果是一个技能的机会，被列为“效果机会”，除了技能的主要效果之外，还会造成状态异常、导致能力值变化或使目标退缩。例如，电击的麻痹是额外效果，但电磁波的麻痹效果不是额外效果，拍落的物品移除和空气切割机的击中要害率增加也不是。,防止受到的技能产生追加效果。,被鳞粉守护着， 不会受到技能的追加效果影响。
20,20,这只生物不会被混淆。如果生物陷入混乱并获得此能力，其混乱将立即被治愈。,防止混乱。,因为我行我素， 不会变为混乱状态。
21,21,该生物无法通过旋风斩等技能迫使其脱离对战。龙尾和圆投仍然会对这只生物造成伤害。冒险中：如果领头的生物具有此能力，钓鱼时的成功率就会增加。,防止因其他生物的技能而被迫退出对战。,用吸盘牢牢贴在地面上， 让强制替换自己的技能和道具无效。
22,22,当这只生物进入战斗时，对手的攻击力降低一级。在双人战斗中，双方对手都会受到影响。该能力在战斗中获得时也会生效，但如果丢失并在未离开战斗的情况下重新获得，则不会再次生效。该能力对有替身的对手没有影响。冒险中：如果队伍中的第一只生物具有此能力，则任何随机遭遇低于其等级五级或以上的生物的情况都有 50% 的几率被跳过。,进入对战时降低对手攻击一级。,出场时威吓对手， 让其退缩， 降低对手的攻击。
23,23,当这只生物在战斗时，对手的生物不能逃跑或切换。其他具有此能力的生物不受影响。拥有逃跑功能的生物仍然可以逃跑。生物仍然可以通过使用技能或物品来切换。,防止对手逃跑或转出。,踩住对手的影子 使其无法逃走或替换。
24,24,每当技能与该生物接触时，该技能的使用者都会受到其最大生命值 1/8 的伤害。该能力的作用与铁倒刺相同。,接触时对攻击的生物造成最大生命值 1/8 的伤害。,受到攻击时， 用粗糙的皮肤弄伤 接触到自己的对手。
25,25,该生物不会受到对其攻击效果不佳的伤害性技能的影响。造成固定伤害的技能，例如夜影或地震投掷，如果其属性有效，则被认为是效果绝佳的。不直接由技能造成的伤害，例如天气、异常状态或尖刺造成的伤害，不会被阻止。此能力无法通过扮演复制或通过特性互换进行交易，但可以通过追踪复制、通过胃液禁用或通过烦恼种子更改。该生物仍然可以使用扮演本身来失去此能力，但不能使用特性互换。如果该生物有替身，该能力将像往常一样阻止技能，任何未被阻止的技能都会像往常一样对替身做出反应。,防止不是非常有效的伤害性技能。,不可思议的力量， 只有效果绝佳的技能才能击中。
26,26,该生物对地面属性技能、尖刺、有毒尖刺和竞技场陷阱免疫。该能力在重力或嵌入时或持有铁球时被禁用。该能力在栖息期间不会被禁用。,回避地面属性技能。,从地面浮起， 从而不会受到地面属性技能的攻击。
27,27,每当一个技能与该生物接触时，该技能的使用者有 30% 的几率陷入麻痹、中毒或陷入睡眠状态（随机选择）。如果该技能的使用者对其中一种异常状态免疫，则不会采取任何措施进行补偿；该技能的使用者受到影响的可能性较低。,攻击接触到的生物时，有 30% 的几率造成麻痹、中毒或睡眠。,受到攻击时， 有时会把接触到自己的对手 变为中毒、麻痹或睡眠状态。
28,28,每当这只生物被烧伤、麻痹或中毒时，给这只生物带来这种异常状态的生物也会被传染这种异常状态。当该生物剧毒时，该能力会恢复剧毒。此能力无法传递该生物未直接从其他生物那里获得的异常状态，例如有毒尖刺的中毒或火焰球的灼伤。冒险中：如果领头生物具有此能力，野生生物有 50% 的几率拥有领头生物的性质，并且有 50% 的机会像往常一样被赋予随机性质，包括领头生物的性质。这不适用于在战斗或漫游传奇之外收到的生物。,将受到的灼伤、麻痹和中毒复制到造成他们身上的生物身上。,将自己的中毒、麻痹 或灼伤状态传染给对手。
29,29,该生物的属性不会被其他生物降低。除了能力值修正值之外，此能力不会防止任何能力值损失，例如麻痹造成的速度削减。该生物仍然可以通过防守互换、心灵互换或力量互换传递负面能力值修正。该能力的作用与对战中的白烟相同。,防止其他生物降低能力值。,不会因为对手的技能或特性 而被降低能力。
30,30,当这只生物被换成另一只生物时，它的任何主要异常状态都会被治愈。如果在对战中获得此能力，则生物会在离开对战时治愈，然后失去临时能力。,治愈切换后的任何主要异常状态。,回到同行队伍后， 异常状态就会被治愈。
31,31,如果该生物是符合条件的目标，则所有其他生物的单目标电属性技能都会被重定向到该生物。其他生物的电击技能会将该生物的特攻提升一级，抵消其上的任何其他效果，并且不会错过它。如果该技能的预定目标也具有此能力，则该技能不会被重定向。当多个具有此能力的生物可能成为重定向目标时，技能将被重定向到速度能力值最高的生物，或者在平局的情况下，重定向到随机并列的生物。看我嘛优先于此能力。如果生物是地面属性，因此免疫电击，它的免疫力会阻止特殊攻击提升。,在可能的情况下将单目标电技能重定向到该生物。吸收电击，特攻提升一级。,将电属性的技能吸引到自己身上， 不会受到伤害，而是会提高特攻。
32,32,该生物的技能的效果概率是平时的两倍。效果几率是指除了该技能的主要效果之外，该技能造成异常状态、导致属性变化或使目标退缩的几率。例如，火焰喷射器灼伤目标的几率增加了一倍，但保护的成功几率和空气切割机增加的击中要害率不受影响。秘密力量不受影响。,技能的额外效果发生的几率加倍。,托天恩的福， 技能的追加效果容易出现。
33,33,该生物的速度在下雨时会加倍。此奖励不算作能力值修正。,下雨时速度加倍。,下雨天气时， 速度会提高。
34,34,在强烈的阳光下，该生物的速度会加倍。此奖励不算作能力值修正。,强烈阳光下速度加倍。,晴朗天气时， 速度会提高。
35,35,冒险中：如果主力生物拥有此能力，野外遭遇率将翻倍。该能力在对战中没有效果。,野外遭遇率翻倍。,通过让周围变亮， 变得容易遇到野生的生物。
36,36,当这只生物进入战斗时，它会随机复制对手的能力。此能力无法复制花之礼、预报、幻觉、变身者、多属性、追踪、神奇守护或达摩模式。,进入对战时复制对手的能力。,出场时，复制对手的特性， 变为与之相同的特性。
37,37,该生物在对战中攻击力翻倍。此奖励不算作能力值修正。该能力的作用与纯粹力量相同。,对战中攻击力加倍。,物理攻击的威力会变为２倍。
38,38,每当技能与这只生物接触时，该技能的使用者就有 30% 的几率中毒。,有 30% 的几率接触到攻击生物时中毒。,有时会让接触到自己的 对手变为中毒状态。
39,39,这只生物不会退缩。,防止退缩。,拥有经过锻炼的精神， 而不会因对手的攻击而畏缩。
40,40,该生物无法被冻结。如果生物被冻结并获得此能力，它会立即解冻；这包括在离开对战后恢复失去的能力。冒险中：如果队伍中的任何生物具有此能力，则队伍中的每个蛋的孵化计数器在每个步骤周期都会减少 2（而不是 1），使蛋的孵化速度大约提高两倍。如果多个生物具有此能力或火焰之体，则此效果不会叠加。,防止结冰。,将炽热的熔岩覆盖在身上， 不会变为冰冻状态。
41,41,该生物无法被灼伤。如果生物被烧伤并获得此能力，则其烧伤会被治愈；这包括在离开对战后恢复失去的能力。,防止烧伤。,将水幕裹在身上， 不会变为灼伤状态。
42,42,当这只生物在战斗中时，对手的钢属性生物不能逃跑或切换。拥有逃跑功能的生物仍然可以逃跑。生物仍然可以通过使用技能或物品来切换。冒险中：如果主力生物有此能力，钢属性生物的遭遇率会更高。,防止钢属性对手逃跑或切换。,用磁力吸住钢属性的生物， 使其无法逃走。
43,43,该生物不受标记为基于声音的技能免疫。治愈贝尔不受影响。喧嚣仍然让这只生物无法入睡。该生物仍然可以通过接力棒获得灭亡之歌指示物，并且如果在使用灭亡之歌后获得此能力，则将保留灭亡之歌指示物。嚎叫、时光咆哮、音爆和哈欠未标记为基于声音的。,防止基于声音的技能。,通过屏蔽声音， 不受到声音技能的攻击。
44,44,该生物在雨天每回合后会恢复其最大生命值的 1/16。,雨天每回合后可恢复 1/16 最大生命值。,下雨天气时， 会缓缓回复ＨＰ。
45,45,当这只生物进入对战时，天气会变成沙尘暴，除非被其他天气条件取消，否则不会结束。如果同时发出多只具有此能力的生物，如毛毛雨、干旱或雪警告，则能力将按速度顺序启动，尊重戏法空间。每个能力的天气都会取消之前的天气，只有速度最慢的生物召唤的天气才会保留。冒险中：如果领头的生物具有此能力，则在沙尘暴中的野外遭遇率会减半。,召唤进入对战后无限期持续的沙尘暴。,出场时， 会把天气变为沙暴。
46,46,以该生物为目标的技能需要额外使用 1 个 PP。如果多个目标都拥有该能力，则该能力可以叠加。此能力仍然会影响失败或错过的技能。该能力不会影响我方以整个场地或仅其一侧为目标的技能，也不会影响该生物以自身为目标的技能；然而，它确实会影响针对该生物的单一目标同伴技能、针对所有其他生物的同伴技能以及针对整个场地的对手技能。如果此能力使技能的 PP 成本高于其剩余 PP，则它将使用所有剩余的 PP。当这只生物进入对战时，所有参与的训练师都会收到通知它具有这种能力。冒险中：如果主要生物具有此能力，则更高级别的生物的遭遇率会增加。,以生物为对象的技能的PP消耗增加1。,给予对手压迫感， 大量减少其使用技能的ＰＰ。
47,47,该生物受到火属性和冰属性技能伤害的一半。,火属性和冰属性技能造成的伤害减半。,因为被厚厚的脂肪保护着， 会让火属性和冰属性的技能伤害减半。
48,48,该生物的剩余睡眠回合数减少 2，而不是 1。如果该生物的睡眠计数器为 1，它将降至 0，然后该生物就会醒来。,使睡眠时间加快两倍。,即使变为睡眠状态， 也能以２倍的速度提早醒来。
49,49,每当技能与该生物接触时，该技能的使用者就有 30% 的几率被烧伤。冒险中：如果队伍中的任何生物具有此能力，则队伍中的每个蛋的孵化计数器在每个步骤周期都会减少 2（而不是 1），使蛋的孵化速度大约提高两倍。如果多个生物拥有此能力或岩浆装甲，则此效果不会叠加。,有 30% 的几率在接触时灼伤攻击生物。,有时会让接触到自己的 对手变为灼伤状态。
50,50,这只生物总是能成功逃离野生对战，即使被技能或能力困住。,确保成功逃离野外对战。,一定能从野生生物 那儿逃走。
51,51,该生物的命中率不会降低。除了能力值修正值之外，此功能不会防止任何命中率降低，例如雾造成的命中率降低；也不会阻止其他生物的躲避使该生物的技能不太准确。该生物仍然可以通过换心获得负面命中率调整值。冒险中：如果队伍中的第一只生物具有此能力，则任何随机遭遇低于其等级五级或以上的生物的情况都有 50% 的几率被跳过。,防止命中率降低。,多亏了锐利的目光， 命中率不会被降低。
52,52,该生物的攻击力不会被其他生物降低。除了能力值修正值之外，此能力不会防止任何攻击损失，例如因烧伤而造成的攻击削减。该生物仍然可以通过心灵互换或力量互换传递负面攻击调整值。,防止其他生物降低攻击力。,因为拥有以力量自豪的钳子， 不会被对手降低攻击。
53,53,在每个回合结束时，如果另一只生物在该回合消耗或投掷了持有的物品，则该生物会捡起该物品（如果它尚未持有该物品）。每次对战后，这只生物有 10% 的几率拾取尚未持有的物品。气球和弹出按钮无法拾取。可能找到的物品因游戏而异，并且自《生物绿宝石》以来，根据生物的等级而变化。该能力会在对战结束后进行检查，此时任何临时的能力变化都会消失。,捡起其他生物用过的和扔掉的物品。对战后也可能拾取物品。,有时会捡来对手用过的道具， 冒险过程中也会捡到。
54,54,该生物每第二回合尝试使用技能，它就会什么都不做（“闲逛”）。闲逛会中断需要多回合的技能，就像麻痹、退缩等一样。大多数这样的技能，例如“忍耐”或“滚动”，都会在闲逛时被中断。具有充能回合的攻击，例如 破坏光线，无需充能；带有准备回合的攻击，例如飞行，最终不会被使用。被迫进行多个回合并不断失败的技能，例如愤怒、骚动或任何由安可强制的技能，都会像往常一样继续进行。如果这只生物陷入混乱，则在闲逛时不会检查其混乱；生物无法伤害自己，它的混乱也不会结束或接近结束。如果该生物尝试技能但失败，例如由于麻痹或重力，它仍然算作已经尝试使用技能，并将在下一回合闲逛。如果它不尝试技能，例如因为它处于睡眠状态或冻结状态，所以无论它要做什么都将被推迟到下一次尝试；也就是说，它要么闲逛，要么照常使用技能，具体取决于它上次做了什么。此能力无法通过烦恼种子更改，但可以通过胃液禁用、通过扮演更改或通过特性互换进行交易。,每隔一回合跳过一次行动。,如果使出技能， 下一回合就会休息。
55,55,该生物的物理技能造成的伤害是通常伤害的 1.5 倍，但命中率却是平时的 0.8 倍。特殊技能不受影响。造成伤害的技能（例如地震投掷）的命中率会受到影响，但伤害不会受到影响。冒险中：如果主要生物具有此能力，则更高级别的生物的遭遇率会增加。,强化物理技能，造成 1.5 倍伤害，但命中率降低至 0.8 倍。,自己的攻击变高， 但命中率会降低。
56,56,每当技能与这只生物接触时，该技能的使用者就有 30% 的几率陷入迷恋。冒险中：如果队伍中的第一只生物具有此能力，则任何种族可以是任一性别的野生生物都有 2/3 的机会被设置为异性，并且像往常一样有 1/3 的机会具有随机性别。,有 30% 的几率在接触时使攻击的生物着迷。,有时会让接触到自己的对手着迷。
57,57,如果任一友方生物拥有正电或负电特性，则该生物的特攻为 1.5 倍。此奖励不算作能力值修正。如果任一能力被胃液禁用，则两者都会失去效果。,当友方生物拥有正电或负电特性时，特攻增加至 1.5 倍。,出场的伙伴之间 如果有正电或负电特性的生物， 自己的特攻会提高。
58,58,如果任一友方生物拥有正电或负电特性，则该生物的特攻为 1.5 倍。此奖励不算作能力值修正。如果任一能力被胃液禁用，则两者都会失去效果。,当友方生物拥有正电或负电特性时，特攻增加至 1.5 倍。,出场的伙伴之间 如果有正电或负电特性的生物， 自己的特攻会提高。
59,59,在下雨、强烈阳光或冰雹时，这只生物的属性会分别变为水、火或冰，并且其形态也会相应变化。该能力对除漂浮泡泡之外的任何生物均无效。如果天气结束或发生任何不会触发该能力的事情，或者具有气锁或云九的生物进入对战，该生物的属性和形态将恢复为默认状态。如果该能力丢失或被禁用，该生物将无法改变其当前属性和形态，直到它恢复其能力为止。,更改 漂浮泡泡 的属性和形式以适应天气。,受天气的影响， 会变为水属性、火属性 或冰属性中的某一个。
60,60,该生物的持有物品不能被其他生物移除。会移除该生物物品的伤害性技能仍然会对该生物造成伤害，例如敲掉或拔掉。该生物仍然可以使用涉及失去自己的物品的技能，例如投掷或戏法。冒险中：如果领头的生物具有此能力，钓鱼时的遭遇率会增加。,防止持有的物品被其他生物移走。,因为道具是粘在黏性身体上的， 所以不会被对手夺走。
61,61,每回合后，该生物有 33% 的严重异常状态被治愈。,每回合后有 33% 的几率治愈任何主要异常状态。,通过蜕去身上的皮， 有时会治愈异常状态。
62,62,每当这只生物陷入沉睡、烧伤、麻痹或中毒时，它的攻击力就会变为 1.5 倍。该生物不受通常的烧伤攻击影响。此奖励不算作能力值修正。,处于异常状态时攻击力增加至 1.5 倍。,如果变为异常状态， 会拿出毅力， 攻击会提高。
63,63,每当该生物出现严重异常状态时，其防御力就会变为 1.5 倍。此奖励不算作能力值修正。,严重状态异常时防御力提高至 1.5 倍。,如果变为异常状态， 神奇鳞片会发生反应， 防御会提高。
64,64,每当一只生物在使用“吸收”之类的吸血技能击中该生物后会得到治愈时，它就会损失与通常获得的一样多的生命值。食梦者不受影响。,使用吸血技能对对手造成与其治疗量一样多的伤害。,吸收了污泥浆的对手 会因强烈的恶臭 而受到伤害，减少ＨＰ。
65,65,当该生物的生命值剩余到 1/3 以下时，其草属性技能会造成通常伤害的 1.5 倍。,强化草技能，在最大生命值 1/3 以下时造成 1.5 倍伤害。,ＨＰ减少的时候， 草属性的技能威力会提高。
66,66,当该生物的生命值剩余到 1/3 以下时，其火属性技能会造成通常伤害的 1.5 倍。,强化火属性技能，在 1/3 最大 ＨＰ 或以下时造成 1.5 倍伤害。,ＨＰ减少的时候， 火属性的技能威力会提高。
67,67,当该生物的生命值剩余到 1/3 以下时，其水属性技能会造成通常伤害的 1.5 倍。,ＨＰ 低于 1/3 时，水属性技能伤害提升至 1.5 倍。,ＨＰ减少的时候， 水属性的技能威力会提高。
68,68,当该生物的生命值剩余到 1/3 以下时，其虫属性技能会造成通常伤害的 1.5 倍。冒险中：如果主力生物拥有此能力，野外遭遇率会增加。,强化虫属性技能，在 1/3 最大 ＨＰ 或更少时造成 1.5 倍伤害。,ＨＰ减少的时候， 虫属性的技能威力会提高。
69,69,该生物不会因反冲技能而受到反冲伤害。挣扎的后坐力不受影响。此能力无法防止跳跃踢或跳高踢造成的碰撞伤害。,防止反冲伤害。,即使使出会受反作用力伤害的技能， ＨＰ也不会减少。
70,70,当这只生物进入对战时，天气会变成强烈的阳光，除非被其他天气条件取消，否则不会结束。如果同时发出多只具有此能力的生物（细雨、沙流或雪警告），则能力将按速度顺序激活，尊重 戏法空间。每个能力的天气都会取消之前的天气，只有速度最慢的生物召唤的天气才会保留。,召唤进入对战后无限期持续的强烈阳光。,出场时， 会将天气变为晴朗。
71,71,当这只生物在战斗时，对手的生物不能逃跑或切换。飞行属性生物和空中生物，例如由于悬浮或电磁飘浮，不受影响。拥有逃跑功能的生物仍然可以逃跑。生物仍然可以通过使用技能或物品来切换。冒险中：如果主力生物拥有此能力，野外遭遇率将翻倍。,防止对手逃跑或转出。被飞行属性和空中的生物躲避。,在战斗中让对手无法逃走。
72,72,该生物无法睡觉。这会导致 睡觉 完全失败。如果生物在睡觉并获得此能力，它会立即醒来；这包括在离开对战后恢复失去的能力。该能力的作用与对战中的不眠相同。冒险中：如果主要生物具有此能力，则更高级别的生物的遭遇率会增加。,妨碍睡眠。,通过激发出干劲， 不会变为睡眠状态。
73,73,该生物的属性不会被其他生物降低。除了能力值修正值之外，此能力不会防止任何能力值损失，例如麻痹造成的速度削减；也不是自己造成的能力值下降，例如过热导致的特殊攻击下降；也不是对手触发的能力值提升，例如 虚张声势 的攻击提升。该生物仍然可以通过防守互换、心灵互换或力量互换传递负面能力值修正。该能力与对战中的恒净之躯相同。冒险中：如果主力生物拥有此能力，野外遭遇率减半。,防止其他生物降低能力值。,被白色烟雾保护着， 不会被对手降低能力。
74,74,该生物的攻击力在对战中翻倍。此奖励不算作能力值修正。该能力的作用与巨大力量相同。,对战中攻击力加倍。,因瑜伽的力量， 物理攻击的威力会变为２倍。
75,75,技能无法对这只生物造成致命一击。该能力的作用与战甲相同。,防止致命一击。,被坚硬的壳保护着， 对手的攻击不会击中要害。
76,76,当这只生物在战斗时，天气仍然会起作用，但不会产生任何影响。此能力的功能与云九相同。,消除天气的所有影响，但不能阻止天气本身。,所有天气的影响都会消失。
77,77,当这只生物陷入混乱时，它的闪避率会增加两倍。,混乱时闪避率会提高。,在混乱状态时， 闪避率会提高。
78,78,每当电属性技能击中这只生物时，它的速度就会上升一级，消除对其产生的任何其他效果。如果该生物对电属性技能免疫，则该能力不会生效。电属性技能将忽略这只生物的替身。该效果包括非伤害性技能，即电磁波。,吸收电属性技能，速度提升一级。,受到电属性的技能攻击时， 不会受到伤害，而是速度会提高。
79,79,该生物对同性生物造成 1.25 倍通常伤害，对异性生物造成 0.75 倍通常伤害。如果任一生物是无性别的，则伤害不受影响。,对同性生物造成的伤害增加至1.25倍，对异性生物的伤害减少至0.75倍。,面对性别相同的对手， 会燃起斗争心，变得更强。 而面对性别不同的，则会变弱。
80,80,每当这只生物退缩时，它的速度就会上升一级。,退缩时速度提升1级。,每次畏缩时， 不屈之心就会燃起， 速度也会提高。
81,81,冰雹时，该生物的回避率为 1.25 倍，且无论何种属性，都不会受到冰雹伤害。躲避奖励不算作属性修正值。冒险中：如果领头的生物具有此能力，则在雪中的野外遭遇率将减半。,冰雹时回避率增加至 1.25 倍。防止冰雹伤害。,冰雹天气时， 闪避率会提高。
82,82,当生命值低于 50% 时，该生物会吃掉因生命值低而触发的任何持有的浆果，无论浆果的通常阈值是多少。,使生物吃掉任何由低于其最大生命值 1/2 的低生命值触发的持有的浆果。,原本ＨＰ变得很少时才会吃树果， 在ＨＰ还有一半时就会把它吃掉。
83,83,每当该生物受到致命一击时，其攻击力就会提升至最多 6 级。如果替身受到重击，该能力仍然有效。,受到致命一击时，攻击力最多提升至六级。,要害被击中时， 会大发雷霆， 攻击力变为最大。
84,84,当这只生物使用或失去其持有的物品时，其速度会加倍。如果它获得其他物品或离开战斗，该奖励就会丢失。这包括生物因拍落而失去其物品的情况。此奖励不算作能力值修正。该能力何时生效没有任何通知。,使用或丢失持有的物品时速度加倍。,失去所持有的道具时， 速度会提高。
85,85,该生物受到火属性技能和灼伤伤害的一半。,将火属性技能和灼伤造成的伤害减半。,耐热的体质会 让火属性的技能威力减半。
86,86,该生物的能力值修正值的每一级都充当两级。这些加倍的级仍然限制为最少 -6 和最多 6。该生物仍然可以累积少于 -3 或多于 3 级的能力值调整值，即使额外的调整值在加倍后没有任何效果。,生物的能力值调整值加倍。这些双倍修饰符的上限仍然是 -6 或 6 级。,能力变化会变为平时的２倍。
87,87,在强烈的阳光下，该生物每回合会受到最大生命值 1/8 的伤害，但在雨天时，它会每回合恢复生命值的 1/8。该生物受到火属性技能伤害的 1.25 倍，但每当水属性技能击中它时，它就会恢复最大生命值的 1/4。,在强阳光下每回合造成 1/8 最大生命值伤害，但在雨天时可恢复 1/8 最大生命值。火属性技能伤害增加至 1.25 倍，但吸收水属性技能，回复最大生命值 1/4。,下雨天气时和受到水属性的技能时， ＨＰ会回复。晴朗天气时和受到火属性的 技能时，ＨＰ会减少。
88,88,当这只生物进入战斗时，其攻击力或特攻力（以对手的总防御力较弱者为准）上升一级。如果平局，则特殊攻击力提高。该能力在战斗中获得时也会生效。,进入对战后，根据对方防御力较弱的情况，提升一级的攻击力。,比较对手的防御和特防， 根据较低的那项能力 相应地提高自己的攻击或特攻。
89,89,标记为基于拳击的技能对于该生物来说具有 1.2 倍的基础威力。 《突袭》并未被标记为基于拳击；它最初的日语名称仅意味着“突然袭击”。,将基于拳击的技能强化至其威力的 1.2 倍。,使用拳类技能的威力会提高。
90,90,如果该生物中毒，每回合后它会恢复最大生命值的 1/8，而不是受到伤害。这包括剧毒。,中毒时每回合后恢复 1/8 最大生命值以代替伤害。,变为中毒状态时， ＨＰ不会减少，反而会增加起来。
91,91,该生物的属性与其自身属性相匹配的技能会造成两倍的伤害，而不是通常同属性攻击加值的 1.5 倍。,同属性攻击加值从 1.5 倍增加到 2 倍。,与自身同属性的技能 威力会提高。
92,92,这只生物总是以二到五次攻击的技能攻击五次，例如冰柱矛。它还绕过了对三重踢第二次和第三次打击的命中率检查。,每次都能将两到五击的技能和三重踢延长到最大长度。,如果使用连续技能， 总是能使出最高次数。
93,93,这只生物在下雨期间的每次回合后都会治愈任何主要异常状态。,在下雨期间每回合结束后治愈任何主要异常状态。,下雨天气时， 异常状态会治愈。
94,94,在强烈阳光下，该生物的特攻为 1.5 倍，但每回合后受到的伤害为最大生命值的 1/8。,强阳光下，特攻提升至 1.5 倍，但每回合后消耗最大生命值 1/8。,晴朗天气时， 特攻会提高， 而每回合ＨＰ会减少。
95,95,每当这只生物出现严重异常状态时，它的速度就会提高 1.5 倍。该生物不受通常的麻痹速度削减的影响。冒险中：如果主力生物拥有此能力，野外遭遇率减半。,速度,变为异常状态时， 速度会提高。
96,96,该生物的技能全部与一般属性相同。造成无属性伤害的技能照常进行。可变属性的技能（例如隐藏力量）会受到影响。然而，它们在其他方面照常工作；例如，天气球总是被迫为正常，但它仍然具有双倍威力，并且在天气期间看起来不同。由于电磁波被免疫阻止，与大多数非伤害性技能不同，在该能力的效果下，它不会影响幽灵属性生物。,使生物的技能全部变为一般属性。,无论是什么属性的技能， 全部会变为一般属性。 威力会少量提高。
97,97,该生物的致命一击会造成三倍伤害，而不是通常的双倍伤害。,强化致命一击，造成 3 倍伤害，而不是 2 倍。,击中要害时， 威力会变得更强。
98,98,该生物免疫非直接由技能造成的伤害。例如，这只生物不会受到天气、后坐力、异常状态或尖刺的伤害，但它在灼伤时仍然会受到攻击削减，并且生命球仍然会增强这只生物的技能而不会对其造成伤害。任何直接依赖于这种损害的事情也不会发生；例如，水蛭种子既不会伤害该生物，也不会治愈对手，而带有哈博卡浆果或罗瓦浆果的生物在被该生物击中时不会消耗浆果。以下内容不受影响：挣扎、痛苦分裂（无论是由该生物使用还是针对该生物使用）、肚鼓、替身、诅咒、打倒使用者的技能以及混乱造成的伤害。如果这只生物从带有液体软泥的生物身上吸取生命值，则它不会失去也不会恢复生命值。如果这只生物剧毒，每回合中毒计数仍会增加；如果生物失去了这种能力，它会开始受到与每回合增加伤害一样多的伤害。,防止并非由技能直接造成的伤害。,不会受到攻击以外的伤害。
99,99,这只生物使出或以这只生物为目标的技能绝不会失手。一击击倒技能不受影响。受此能力影响的技能可以在挖掘或飞行等技能的准备回合中击中生物。冒险中：如果主力生物拥有此能力，野外遭遇率将翻倍。,使用者使出或受到的技能都会命中。,由于无防守战术， 双方使出的技能都必定会击中。
100,100,该生物在其优先级范围内排在最后。具有此能力的多个生物按照速度顺序技能。香浓和拖尾优先于该能力；也就是说，具有这些物品的生物会跟随具有此能力的生物技能。同时具有此能力和其中一项物品的生物会延迟，就像它们只拥有该物品一样。此能力在 戏法空间 中照常发挥作用：具有此能力的生物将以与没有此能力的生物相反的速度顺序技能。,使生物的技能在其技能的优先级范围内排在最后。,使出技能的顺序 必定会变为最后。
101,101,如果该生物的基础威力为 60 以下，则其技能的威力为 1.5 倍。这包括可变威力的技能，例如隐藏力量和幅度，当它们的威力为 60 或更低时。任何技能都会考虑“帮助”的威力提升，以及“卷展防御”的威力提升。,将 60 基础威力以下的技能强化至其威力的 1.5 倍。,攻击时可以将 低威力技能的威力提高。
102,102,该生物在强烈阳光下不会出现严重异常状态。该能力无法治愈先前的异常状态。当该能力生效时，休息将完全失败。如果在强烈阳光下对这只生物使用打哈欠会立即失败，而如果天气同时变成强烈阳光，已经使用的打哈欠也会失败。,防止强烈阳光下的异常状态。,晴朗天气时， 不会变为异常状态。
103,103,在对战中，该生物无法使用其持有的物品，该物品也不会对对战产生任何正面或负面的被动效果。该生物也不能使用投掷。铁球和努力物品（男子气概护腕、动力配重、动力护腕、动力腰带、动力镜片、动力带和动力脚链）的速度削减不受影响。不直接影响对战的物品，例如经验值。分享、护身符硬币或安抚铃，照常工作。所有持有的物品在对战之外照常工作。其他使用持有物品的技能，例如自然天赋和切换，照常进行。,防止生物在对战中使用其持有的物品。,无法使用持有的道具。
104,104,该生物的技能完全忽略可能阻碍或阻止其对目标产生影响的能力。例如，这只生物的技能会忽略会完全否定它们的能力，例如吸水；可以阻止其任何效果的能力，例如透明身体、贝壳装甲或黏着；以及提供任何一般保护效果的能力，例如简单、雪斗篷或厚脂肪。如果某个能力可以阻碍或帮助该生物的技能，例如皮肤干燥或纯朴，无论哪种方式，该能力都会被忽略。不符合此描述的能力，即使它们可能以其他方式阻碍技能，也不会受到影响。例如，“诅咒之躯”只会影响该技能的未来潜在使用，而“液体软泥”和“暗影标签”只会阻碍该技能对使用者的影响。该能力不能忽略能力所赋予的属性或形式变化，例如颜色变化或预报；也不是由技能引起但不再与技能相关的效果，例如毛毛雨。这个能力根本无法忽视多属性。被该能力忽略的能力仅在使用该技能时才会无效。例如，该生物的技能可以麻痹拥有柔软的生物，但柔软会立即激活并治愈麻痹状态，并且该生物的尖刺在放置后不受此能力的影响。当这只生物进入对战时，所有参与的训练师都会收到通知它具有这种能力。此能力的效果与兆级电压和涡轮火焰相同。,如果目标的能力能够阻碍或阻止行动，则绕过目标的能力。,可以不受对手特性的干扰， 向对手使出技能。
105,105,该生物的技能的击中要害率比普通生物高出一级。,技能击中要害率提升一级。,因为拥有超幸运， 攻击容易击中对手的要害。
106,106,当该生物被接触技能打倒时，该技能的使用者会受到其最大生命值 1/4 的伤害。,当攻击者被接触技能打倒时，对攻击者造成最大生命值 1/4 的伤害。,变为濒死时， 会对接触到自己的对手造成伤害。
107,107,当这只生物进入战斗时，如果对手之一拥有对其效果绝佳的技能、自毁、爆炸或一击击倒技能，所有参与的训练家都会收到通知。该技能本身并未透露；只是提示存在这样的技能。造成无类型伤害的技能（例如预知未来）和可变类型的技能（例如隐藏力量）算作其列出的类型。该生物免疫的双倍奉还、金属爆裂、镜面反射和一击击倒技能不会触发此能力。,如果对手有超强技能、自毁、爆炸或一击击倒技能，进入对战时通知所有训练师。,可以察觉到 对手拥有的危险技能。
108,108,当这只生物进入战斗时，它会向所有参与的训练师展示任何对手生物已知的最高基础威力技能。如果出现平局，则随机选择一个。没有列出基础威力的技能将按固定威力处理：一击击倒技能为 160；双倍奉还、金属爆裂和镜面反射为 120；可变威力或固定伤害技能为 80；其他未列出的此类技能为 0。,进入对战后揭示对手的最强技能。,出场时， 只读取１个对手拥有的技能。
109,109,为了计算伤害和命中率，该生物会忽略其他生物的能力值修正。实际上，这会影响除速度之外的每个能力值的修饰符。惩罚的力量和储存的力量照常计算。当这只生物在混乱中伤害自己时，它的能力值修正会像往常一样影响伤害。,忽略其他生物的伤害和命中率计算的能力值修正。,可以无视对手能力的变化， 进行攻击。
110,110,该生物对目标不太有效的技能会造成两倍的伤害。,效果不佳的技能造成的伤害加倍。,可以将效果不好的技能 以通常的威力使出。
111,111,该生物因对其效果绝佳的技能而受到 0.75 倍的伤害。此能力的效果与坚硬岩石相同。,效果绝佳技能受到的伤害减少 1/4。,受到效果绝佳的攻击时， 可以减弱其威力。
112,112,该生物的攻击力和速度在进入对战后五回合内减半。该能力在对战中获得时也会生效。如果该生物在五回合结束前失去能力，则其攻击力和速度将恢复正常；如果它随后在没有离开对战的情况下重新获得此能力，则其攻击力和速度会再次减半，但计数器会继续从原来的位置开始计数。,进入对战后五回合内攻击力和速度减半。,在５回合内， 攻击和速度减半。
113,113,该生物无视幽灵属性生物对一般属性和格斗属性技能的免疫。幽灵生物的其他属性会像往常一样影响伤害。,让生物的一般属性和格斗属性技能攻击幽灵生物。,一般属性和格斗属性的技能 可以击中幽灵属性的生物。
114,114,所有其他生物的单一目标水属性技能都会被重定向到该生物（如果它是符合条件的目标）。其他生物的水属性技能会将该生物的特攻提升一级，抵消其上的任何其他效果，并且不会错过它。如果该技能的预定目标也具有此能力，则该技能不会被重定向。当多个具有此能力的生物可能成为重定向目标时，技能将被重定向到速度能力值最高的生物，或者在平局的情况下，重定向到随机并列的生物。看我嘛优先于此能力。,在可能的情况下将单一目标水属性技能重定向到该生物。吸收水属性技能，特攻提升一级。,将水属性的技能引到自己身上， 不会受到伤害，而是会提高特攻。
115,115,该生物在冰雹期间每回合后会恢复其最大生命值的 1/16，并且无论属性如何，它都不会受到冰雹伤害。,冰雹期间每回合后可恢复 1/16 最大生命值。防止冰雹伤害。,冰雹天气时， 会缓缓回复ＨＰ。
116,116,该生物因对其效果绝佳的技能而受到 0.75 倍的伤害。此功能的功能与过滤器相同。,效果绝佳技能受到的伤害减少 1/4。,受到效果绝佳的攻击时， 可以减弱其威力。
117,117,当这只生物进入对战时，天气会变成冰雹，除非被其他天气条件取消，否则不会结束。如果同时派出多只具有该能力的生物（细雨、干旱或沙流），则能力将按速度顺序激活，尊重戏法空间。每个能力的天气都会取消之前的天气，只有速度最慢的生物召唤的天气才会保留。,召唤进入对战后无限期持续的冰雹。,出场时， 会将天气变为冰雹。
118,118,该生物每次对战后都有几率拾取蜂蜜。这个几率从 5% 开始，每升 10 级就会增加 5%：从 1-10 级为 5%，从 11-20 级为 10%，以此类推，从 91-100 级最高为 50%。该能力会在对战结束后进行检查，此时任何临时的能力变化都会消失。,生物可能会在对战后拾取蜂蜜。,战斗结束时， 有时候会捡来甜甜蜜。
119,119,当这只生物进入战斗时，它会向所有参与的训练家展示对手生物持有的物品。在双人对战中，如果一个对手拥有物品，该生物将搜查该生物；如果两者都有一件物品，它会随机搜查其中一件。,进入对战时显示对手持有的物品。,出场时， 可以察觉对手的持有物。
120,120,该生物的反冲技能和冲撞技能的基础威力是其1.2倍。奋斗不受影响。 “崩溃技能”是指在错过时对使用者造成伤害的技能：跳踢和跳高踢。,将后坐力强化至其威力的 1.2 倍。,自己会因反作用力受伤的技能， 其威力会提高。
121,121,如果这只生物持有元素板，它的属性和形态会改变以匹配元素板。该生物持有的物品，无论是否是盘子，都不能被渴望或小偷拿走，也不能被拍落移除，也不能被掉包或戏法交换。渴望、小偷和拍落仍然会对这只生物造成伤害。与“黏着”不同，该生物不能使用“投掷”、“掉包”或“戏法”来失去其本身的物品，也不能通过“掉包”或“戏法”获得物品（如果它没有）。该能力对阿尔宙斯以外的生物无效。该能力不能用特性互换进行交易，也不能用扮演或追踪进行复制，也不能用胃液禁用，也不能用烦恼种子改变。该生物无法通过特性互换或扮演来失去其能力。破格不能忽视这个能力。如果生物通过此能力变身为阿尔宙斯，它将变身为阿尔宙斯的默认普通形态。如果变形生物持有盘子，则该能力将激活并将生物变成相应的形态。,改变阿尔宙斯的属性和形态以匹配其持有的板甲。,自己的属性会根据持有的石板 或Ｚ纯晶的属性而改变。
122,122,如果友方生物具有此能力，那么在强阳光下，友方生物的攻击力和特防力将变为 1.5 倍。与预报、多属性和达摩模式不同，此能力与其生物的形态变化无关；即使樱花儿失去了这种能力，它也会在形态之间切换。因此，如果樱花儿以外的生物获得此能力也有效。,在强烈阳光下，友方生物的攻击力和特防力提高至 1.5 倍。,晴朗天气时， 自己与同伴的攻击和 特防能力会提高。
123,123,对手生物在睡觉时每回合受到最大生命值 1/8 的伤害。,每回合后对熟睡的对手造成最大生命值 1/8 的伤害。,给予睡眠状态的对手伤害。
124,124,每当一个技能与该生物接触时，如果它没有持有的物品，它就会偷走攻击者持有的物品。该生物在被打倒后无法偷窃。如果攻击者有替身，它可以偷窃，但当自己的替身被击中时，它不能偷窃。如果一个技能多次击中，则只有最后一次击中才会触发此能力。如果这只生物是野生的，它就无法从受过训练的生物那里偷东西。,偷窃攻击生物所持有的接触物品。,盗取接触到自己的 对手的道具。
125,125,带有额外效果的生物的技能威力变为原来的1.3倍，但失去额外效果。效果几率是指除了该技能的主要效果之外，该技能造成异常状态、导致属性变化或使目标退缩的几率。例如，电击的麻痹是额外效果，但电磁波的麻痹效果不是额外效果，拍落的物品移除和空气切割机的击中要害率增加也不是。降低使用者能力值的技能不受影响。,将带有额外效果的技能强化至其威力的1.3倍，但会阻止其额外效果。,技能的追加效果消失， 但因此能以更高的威力使出技能。
126,126,每当这只生物的属性提高时，它们就会降低相同的量，反之亦然。,反转能力值变化。,能力的变化发生逆转， 原本提高时会降低， 而原本降低时会提高。
127,127,当这只生物在对战时，对手的生物不能吃掉持有的浆果。受影响的生物仍然可以使用虫咬或采摘来吃掉目标的浆果。,防止对手的生物吃掉持有的浆果。,让对手紧张， 使其无法食用树果。
128,128,当该生物的属性降低时，其攻击力会上升两个阶段。如果同时降低多个属性，则该能力会随着每个属性的降低而生效。,当任何属性降低时，攻击力会提升两级。,能力被降低时， 攻击会大幅提高。
129,129,当ＨＰ为一半以下时，这只生物的攻击力和特攻力都会减半。,最大生命值 50% 以下时，攻击力和特攻力减半。,ＨＰ减半时， 会变得软弱， 攻击和特攻会减半。
130,130,击中这只生物的技能之后有 30% 的几率被禁用。,有 30% 的几率使击中生物的任何技能失效。,受到攻击时， 有时会把对手的技能 变为定身法状态。
131,131,在双重和三重对战中，与该生物相邻的友方生物在每回合后都有 30% 的几率治愈任何严重异常状态。,每回合后有 30% 的几率治愈每个相邻同伴的任何严重异常状态。,有时会治愈异常状态的同伴。
132,132,当这只生物在对战时，所有友方生物都会受到 0.75 倍的直接伤害。如果多个同伴生物拥有该效果，则该效果会叠加。,将友方生物受到的所有直接伤害降低至 0.75 倍。,可以减少我方的伤害。
133,133,每当物理攻击击中这只生物时，它的速度就会上升一级，而防御力就会下降一级。该能力会在多次攻击技能的每次攻击中触发。,受到物理攻击时，速度各提升一级，防御降低一级。,如果因物理技能受到伤害， 防御会降低， 速度会大幅提高。
134,134,该生物的体重是其物种通常的两倍。,生物的重量加倍。,自身的重量会变为２倍。
135,135,这只生物的体重是同种生物的正常体重的一半。,生物的重量减半。,自身的重量会减半。
136,136,当ＨＰ满时，这只生物受到的伤害会减半。,将满 ＨＰ 造成的伤害减半。,ＨＰ全满时， 受到的伤害会变少。
137,137,该生物中毒时攻击力变为 1.5 倍。,中毒时攻击力增加至 1.5 倍。,变为中毒状态时， 物理技能的威力会提高。
138,138,该生物在灼伤时特攻为 1.5 倍。,灼伤时特攻增加 1.5 倍。,变为灼伤状态时， 特殊技能的威力会提高。
139,139,每回合后，如果该生物最后消耗的物品是浆果并且当前没有持有物品，则它有 50% 的几率重新获得该浆果，或者在强阳光下有 100% 的几率。,如果生物在此期间没有持有任何物品，则每回合后有 50% 的几率恢复用过的浆果。,可以多次制作出 已被使用掉的树果。
140,140,该生物不会受到友方生物的技能（包括针对它的单一目标技能）的伤害。,防止友方生物的伤害性技能。,读取我方的攻击， 并闪避其技能伤害。
141,141,每回合结束后，随机一只该生物的属性上升两级，另一只下降一级。如果某个属性已经处于 6 或 -6 级，则不会分别选择增加或减少。,每回合后将随机能力值提高两级并降低另一个级。,每一回合，能力中的某项 会大幅提高，而某项会降低。
142,142,该生物不会受到天气造成的伤害。,防止天气造成的伤害。,不会受到沙暴或冰雹等的伤害。 不会受到粉末类技能的攻击。
143,143,该生物的接触技能每次命中都有 30% 的几率使目标中毒。这算作盾尘的额外效果。这个能力先于木乃伊生效。,接触时有 30% 的几率使目标生物中毒。,只通过接触就有可能 让对手变为中毒状态。
144,144,除了晕倒以外的任何情况下，当该生物被替换为其他生物时，它都会恢复最大生命值的 1/3。该能力在对战结束时不会生效。,切换后可恢复 1/3 最大生命值。,退回同行队伍后， ＨＰ会少量回复。
145,145,该生物的防御力不会被其他生物降低。该生物仍然可以通过心灵互换或防守互换传递负防御调整值。,防止防御下降。,不会受到防御降低的效果。
146,146,该生物的速度在沙尘暴期间加倍，并且无论属性如何，它都不会受到沙尘暴伤害。,沙尘暴期间速度加倍。防止沙尘暴伤害。,沙暴天气时， 速度会提高。
147,147,以该生物为目标时，非伤害性技能的基础命中率固定为 50%。,将针对自己的变化技能基础命中率降至 50%。,成为不易受到变化技能 攻击的身体。
148,148,该生物在回合中最后行动时，其技能威力变为其 1.3 倍。预知未来和末日愿望不受影响。,最后行动时，技能威力增强至1.3倍。,如果在最后使出技能， 技能的威力会提高。
149,149,这只生物在被送出时，似乎具有队伍中最后一个能够对战的生物的种类、昵称和生物球。当受到伤害性技能击中时，这种幻觉就会破裂。其他伤害，例如由于天气或尖刺的影响，不会破坏幻觉，也不会伤害替身。如果队伍顺序因生物在对战中切换而暂时打乱，则该能力会根据打乱的顺序选择最后的生物。,被派出时，会呈现最后一个有意识的队伍生物的外观，直到受到伤害性技能击中为止。,假扮成同行队伍中的 最后一只生物出场， 迷惑对手。
150,150,该生物在进入对战时会随机转变为对手。此效果与变身相同。,进入战斗后会变形。,变身为当前面对的生物。
151,151,该生物的技能无视光墙、反射壁、神秘守护。,绕过光墙、反射壁和神秘守护。,可以穿透对手的壁障 或替身进行攻击。
152,152,每当接触技能击中该生物时，攻击生物的能力就会变为木乃伊。多属性不受影响。如果拥有莫克西的生物将这只生物打倒，则前者的能力将发生变化，但不会生效。,在接触时将攻击生物的能力更改为木乃伊。,被对手接触到后， 会将对手变为木乃伊。
153,153,在打倒另一只生物（甚至是友方生物）后，该生物的攻击力会上升一个级。当该生物间接导致另一生物晕倒时，该能力不会生效，例如通过中毒或尖刺。如果这只生物用木乃伊打倒了一只生物，则前者的能力会发生变化，但不会生效。,打倒生物后，攻击力提升一级。,如果打倒对手， 就会充满自信，攻击会提高。
154,154,每当暗系技能击中该生物时，其攻击力就会上升一级。这一举措并没有以任何方式被否定。,受到暗招伤害时，攻击力提升一级。,受到恶属性的技能攻击时， 因为正义感，攻击会提高。
155,155,该生物的速度会随着恶属性、幽灵系或虫系的伤害性技能的每次攻击而提升一级。,受到恶、幽灵、虫属性技能攻击时，速度提升一级。,受到恶属性、幽灵属性 和虫属性的技能攻击时， 会因胆怯而速度提高。
156,156,当该生物被标记为可反射的技能瞄准时，该技能将被重定向到其使用者。所有可反射技能都是非伤害性的，并且大多数针对其他生物的非伤害性技能都是可反射的。由该能力或魔法外衣反射的技能无法被反射回来。,向使用者反映大多数变化技能。,可以不受到由对手使出的 变化技能影响，并将其反弹。
157,157,每当草属性的技能击中这只生物时，它的攻击力就会上升一级，消除对其产生的任何其他效果。,吸收草招，攻击力提升一级。,受到草属性的技能攻击时， 不会受到伤害，而是攻击会提高。
158,158,该生物的非伤害技能的优先级提高一级。,将非伤害技能的优先级提高一级。,可以率先使出变化技能。
159,159,在沙尘暴期间，该生物的岩石系、地面系和钢属性技能的基础威力是其基础威力的 1.3 倍。无论属性如何，该生物都不会受到沙尘暴伤害。,沙尘暴期间强化岩石属性、地面属性和钢属性技能至 1.3 倍。防止沙尘暴伤害。,沙暴天气时， 岩石属性、地面属性 和钢属性的技能威力会提高。
160,160,每当技能与该生物接触时，该技能的使用者都会受到其最大生命值 1/8 的伤害。该能力的作用与粗糙皮肤相同。,接触时对攻击的生物造成最大生命值 1/8 的伤害。,用铁刺给予接触到自己的 对手伤害。
161,161,该生物在每回合后根据其生命值在标准模式和达摩模式之间切换。低于最大生命值的 50% 时，它会切换到达摩模式，而在 50% 或以上时，它会切换到标准模式。该生物在离开对战或失去此能力后返回标准模式。如果该生物不是达摩狒狒，则该能力无效。,每回合后根据 ＨＰ 改变达摩狒狒的形态：低于 50% 最大 ＨＰ 时为达摩模式，否则为标准模式。,ＨＰ变为一半以下时， 样子会改变。
162,162,当这只生物在对战时，所有友方生物的技能（包括这只生物自己的技能）的命中率都是平时的 1.1 倍。,将友方生物的技能命中率提高至 1.1 倍。,自己和同伴的命中率会提高。
163,163,该生物的技能完全忽略可能阻碍或阻止其对目标产生影响的能力。例如，这只生物的技能会忽略会完全否定它们的能力，例如吸水；可以阻止其任何效果的能力，例如透明身体、贝壳装甲或黏着；以及提供任何一般保护效果的能力，例如简单、雪斗篷或厚脂肪。如果某个能力可以阻碍或帮助该生物的技能，例如皮肤干燥或纯朴，无论哪种方式，该能力都会被忽略。不符合此描述的能力，即使它们可能以其他方式阻碍技能，也不会受到影响。例如，“诅咒之躯”只会影响该技能的未来潜在使用，而“液体软泥”和“暗影标签”只会阻碍该技能对使用者的影响。该能力不能忽略能力所赋予的属性或形式变化，例如颜色变化或预报；也不是由技能引起但不再与技能相关的效果，例如毛毛雨。这个能力根本无法忽视多属性。被该能力忽略的能力仅在使用该技能时才会无效。例如，该生物的技能可以麻痹拥有柔软的生物，但柔软会立即激活并治愈麻痹状态，并且该生物的尖刺在放置后不受此能力的影响。当这只生物进入对战时，所有参与的训练师都会收到通知它具有这种能力。此能力的效果与破格和兆级电压相同。,如果目标的能力能够阻碍或阻止技能，则绕过目标的能力。,可以不受对手特性的干扰， 向对手使出技能。
164,164,该生物的技能完全忽略可能阻碍或阻止其对目标产生影响的能力。例如，这只生物的技能会忽略会完全否定它们的能力，例如吸水；可以阻止其任何效果的能力，例如透明身体、贝壳装甲或黏着；以及提供任何一般保护效果的能力，例如简单、雪斗篷或厚脂肪。如果某个能力可以阻碍或帮助该生物的技能，例如皮肤干燥或纯朴，无论哪种方式，该能力都会被忽略。不符合此描述的能力，即使它们可能以其他方式阻碍技能，也不会受到影响。例如，“诅咒之躯”只会影响该技能的未来潜在使用，而“液体软泥”和“暗影标签”只会阻碍该技能对使用者的影响。该能力不能忽略能力所赋予的属性或形式变化，例如颜色变化或预报；也不是由技能引起但不再与技能相关的效果，例如毛毛雨。这个能力根本无法忽视多属性。被该能力忽略的能力仅在使用该技能时才会无效。例如，该生物的技能可以麻痹拥有柔软的生物，但柔软会立即激活并治愈麻痹状态，并且该生物的尖刺在放置后不受此能力的影响。当这只生物进入对战时，所有参与的训练师都会收到通知它具有这种能力。此能力的效果与破格和涡轮火焰相同。,如果目标的能力能够阻碍或阻止技能，则绕过目标的能力。,可以不受对手特性的干扰， 向对手使出技能。
165,165,保护己方免受会影响精神状态的变化招式影响。,保护己方免受精神类变化招式影响。,可以防住向自己和同伴 发出的精神类招式。
166,166,保护友方草属性生物的能力值不被其他生物降低。,保护友方草属性生物的能力值不被其他生物降低。,我方的草属性生物 能力不会降低， 也不会变为异常状态。
167,167,吃下浆果后，除了浆果的效果外，还能恢复生命值。,吃下浆果后，除了浆果的效果外，还能恢复生命值。,无论是哪种树果， 食用后，ＨＰ都会回复。
168,168,更改持有者的属性以匹配其使用的每个技能。属性更改发生在使用技能之前。,更改持有者的属性以匹配其使用的每个技能。,变为与自己使出的技能 相同的属性。
169,169,物理攻击造成的伤害减半。,物理攻击造成的伤害减半。,对手给予的物理技能的 伤害会减半。
170,170,当持有者使用伤害性技能时窃取目标持有的物品。,当持有者使用伤害性技能时窃取目标持有的物品。,夺走被自己的技能 击中的对手的道具。
171,171,防止基于子弹、球和炸弹的技能。,防止基于子弹、球和炸弹的技能。,可以防住对手的 球和弹类技能。
172,172,任何属性降低时，特攻都会提升两级。,任何属性降低时，特攻都会提升两级。,如果能力被降低， 特攻就会大幅提高。
173,173,咬合技能的威力增强至1.5倍。,咬合技能的威力增强至1.5倍。,因为颚部强壮， 啃咬类技能的威力会提高。
174,174,将持有者的一般属性技能转变为冰属性技能。通过该能力改变的技能威力变为原来的 1.3 倍。,将持有者的一般属性技能变为冰技能，威力强化至1.3倍。,一般属性的技能 会变为冰属性。 威力会少量提高。
175,175,阻止友方生物睡觉。,阻止友方生物睡觉。,我方的生物 不会变为睡眠状态。
176,176,在使用伤害性技能之前将圣盾斩更改为剑刃形态，或者在使用王者盾牌之前将盾牌形态更改为盾牌形态。,在使用伤害性技能之前将圣盾斩更改为剑刃形态，或者在使用王者盾牌之前将盾牌形态更改为盾牌形态。,如果使出攻击技能，会变为刀剑形态， 如果使出技能“王者盾牌”， 会变为盾牌形态。
177,177,飞行技能的优先级提升一级。,飞行技能的优先级提升一级。,ＨＰ全满时， 飞行属性的技能可以率先使出。
178,178,增强光环，脉冲技能至其威力的 1.5 倍。,增强光环，脉冲技能至其威力的 1.5 倍。,波动和波导类技能的 威力会提高。
179,179,草地地形生效时提高防御力。,草地地形生效时提高防御力。,在青草场地时， 防御会提高。
180,180,当同伴用完其物品时，将持有者持有的物品传递给同伴。,当同伴用完其物品时，将持有者持有的物品传递给同伴。,同伴使用道具时， 会把自己持有的道具传递给同伴。
181,181,将接触的技能强化至其威力的 1.33 倍。,将接触的技能强化至其威力的 1.33 倍。,接触到对手的技能 威力会提高。
182,182,将持有者的一般属性技能转变为妖精系技能。通过该能力改变的技能威力变为原来的 1.3 倍。,将持有者的一般属性技能转化为仙招，威力强化至1.3倍。,一般属性的技能 会变为妖精属性。 威力会少量提高。
183,183,接触时，攻击生物的速度降低一级。,接触时，攻击生物的速度降低一级。,对于用攻击接触到自己的对手， 会降低其速度。
184,184,将持有者的一般属性技能转变为飞行系技能。通过该能力改变的技能威力变为原来的 1.3 倍。,将持有者的一般属性技能变为飞行技能，威力强化至1.3倍。,一般属性的技能 会变为飞行属性。 威力会少量提高。
185,185,让持有者以伤害性技能攻击两次。第二击威力减半。,让持有者以伤害性技能攻击两次。第二击威力减半。,亲子俩可以合计攻击２次。
186,186,强化所有友方和对手生物的恶属性技能。,使所有友方和对手生物的暗属性威力提升至 1.33 倍。,全体的恶属性技能变强。
187,187,强化所有友方和对手生物的妖精技能。,对所有友方和对手生物，妖精技能的威力增强至 1.33 倍。,全体的妖精属性技能变强。
188,188,当这只生物在场上时，恶属性气场和妖精光环将各自类型的技能削弱至 2/3，而不是增强它们的威力。,使恶属性气场和仙气削弱各自属性的技能。,让气场的效果发生逆转， 降低威力。
189,189,当这只生物进入战斗或获得此能力时，天气会变成大雨。大雨具有雨舞的所有属性，也会导致伤害性火属性技能失败。当该生物离开战斗、失去此能力或此能力无效时，大雨就会结束。除了三角洲溪流和荒凉之地的影响之外，天气无法以其他方式改变。气锁和云九将防止大雨的影响，包括允许火属性技能生效，但不允许天气改变。,制造大雨，具有雨舞的所有属性，无法被替换，并导致伤害性火属性技能失败。,变为不会受到 火属性攻击的天气。
190,190,当这只生物进入战斗或获得此能力时，天气会变得极其刺眼的阳光。极其刺眼的阳光具有晴天的所有特性，也会导致伤害性水属性技能失败。当该生物离开战斗、失去该能力或该能力无效时，极端刺眼的阳光就会结束。除了三角洲溪流和原始海的影响之外，天气无法以其他方式改变。气锁和云九将防止极其刺眼的阳光的影响，包括允许水属性技能生效，但不允许天气改变。,产生极其刺眼的阳光，具有晴天的所有属性，无法被替换，并导致伤害性水属性技能失败。,变为不会受到 水属性攻击的天气。
191,191,当这只生物进入战斗或获得此能力时，天气会变成神秘的气流。神秘的气流会让本应对飞行属性效果绝佳的技能改为造成中性伤害。预期和隐形岩不受影响。当该生物离开战斗或失去该能力或该能力无效时，神秘气流就会结束。除了荒地和原始海的影响之外，天气无法改变。气锁和云九将阻止神秘气流的影响，但不会改变天气。,产生一股无法被替换的神秘气流，导致技能对飞行生物永远不会效果绝佳。,变为令飞行属性的弱点 消失的天气。
192,192,这只生物受到技能伤害时，防御力上升一级。,这只生物受到技能伤害时，防御力上升一级。,受到攻击时， 防御会提高。
193,193,该生物被技能击中后，如果该技能导致该生物的生命值低于一半，则其切换。,当ＨＰ低于一半时，该生物会自动切换。,ＨＰ变为一半时， 会慌慌张张逃走， 退回同行队伍中。
194,194,该生物被技能击中后，如果该技能导致该生物的生命值低于一半，则其切换。,当ＨＰ低于一半时，该生物会自动切换。,ＨＰ变为一半时， 为了回避危险， 会退回到同行队伍中。
195,195,当这只生物被水属性技能击中时，它的防御力会提升两级。,当这只生物被水属性技能击中时，它的防御力会提升两级。,受到水属性的技能攻击时， 防御会大幅提高。
196,196,该生物的技能对中毒目标造成致命一击。,该生物的技能对中毒目标造成致命一击。,攻击中毒状态的对手时， 必定会击中要害。
197,197,该生物进入战斗时，每回合结束时，生命值在50%以上时，变为流星形态；否则，变为核心形态。在流星形态下，它不能被赋予严重异常状态（尽管现有的异常状态没有被治愈），不能因为打哈欠而变得昏昏欲睡，也不能使用休息（这只会失败）。该能力无法被复制、替换或无效。该能力仅对小人有效。,在核心形态和流星形态之间变换这个小形态。在流星形态下防止严重异常状态和嗜睡。,ＨＰ变为一半时， 壳会坏掉，变得有攻击性。
198,198,该生物的技能对本回合中互换的生物具有双倍威力。,该生物的技能对本回合中互换的生物具有双倍威力。,可以对替换出场的对手 以２倍的伤害进行攻击。
199,199,当这只生物被火属性击中时，伤害减半。当这只生物使用水属性技能时，威力会加倍。该生物不会被烧伤，如果被烧伤，烧伤会立即治愈。,火属性技能的伤害减半，水属性技能的伤害加倍，并防止烧伤。,降低自己受到的火属性 技能的威力，不会灼伤。
200,200,该生物的钢技能威力为 1.5 倍。,该生物的钢技能威力为 1.5 倍。,钢属性的技能威力会提高。
201,201,每当该生物受到导致生命值低于 50% 的技能伤害时，其特攻就会上升一级。,每当这只生物的生命值低于一半时，它的特攻就会提升一级。,因对手的攻击 ＨＰ变为一半时， 特攻会提高。
202,202,在冰雹期间，这只生物的速度加倍。,在冰雹期间，这只生物的速度加倍。,冰雹天气时， 速度会提高。
203,203,该生物使用的技能不会产生接触。,该生物的技能不产生接触。,可以不接触对手 就使出所有的技能。
204,204,当这只生物使用基于声音的技能时，该技能的类型是水。,声音类技能变为水类技能。,所有的声音技能 都变为水属性。
205,205,该生物的治疗技能的优先级提高 3 级。,该生物的治疗技能的优先级提高 3 级。,可以率先使出回复技能。
206,206,当该生物使用一般属性技能时，该技能为电，其威力为 1.2 倍。,该生物的一般属性技能为电属性，威力提升至1.2倍。,一般属性的技能 会变为电属性。 威力会少量提高。
207,207,使该生物在电气场地上的速度加倍。,使该生物在电气场地上的速度加倍。,电气场地时， 速度会变为２倍。
208,208,如果这只生物是20级或以上的弱丁鱼，那么当它进入对战时和每回合开始时，如果生命值在25%或以上，它就会变成鱼群形态，否则就会变成单独形态。此能力无法被取代、复制或无效。,当ＨＰ达到25%或更高时，弱丁鱼会变成鱼群形态。,ＨＰ多的时候会聚起来变强。 ＨＰ剩余量变少时， 群体会分崩离析。
209,209,如果这只生物处于伪装形态并因技能而受到伤害，它会切换到破坏形态并防止伤害。其他影响不会被阻止。这种能力无法被复制或替换。该能力仅对秘拟虚有效。,防止第一次对战伤害。,通过画皮覆盖住身体， 可以防住１次攻击。
210,210,使对手晕倒后，将这只生物转变为灰甲忍者。水手里剑的威力为20，并且总是会击中3次。这种能力无法被复制或替换。该能力仅对甲忍者有效。,使对手晕倒后，将这只生物转变为灰甲忍者。水手里剑的威力为20，并且总是会击中3次。,打倒对手时，与训练家的牵绊会增强， 变为小智版甲贺忍蛙。 飞水手里剑的技能威力会增强。
211,211,当 ＨＰ 低于 50% 时，将 10% 或 50% 的基格尔德转化为完全体形态。这种能力无法被复制或替换。该能力仅对基格尔德有效。,当 ＨＰ 低于 50% 时，将 10% 或 50% 的基格尔德转化为完全体形态。,ＨＰ变为一半时， 细胞们会赶来支援， 变为完全体形态。
212,212,当试图造成毒害时，该生物的技能和物品会忽略毒和钢生物的通常免疫力。,该生物可以对毒属性生物和钢属性生物造成中毒。,可以使钢属性和毒属性的生物 也陷入中毒状态。
213,213,这只生物总是表现得好像睡着了一样。不能给予它另一种状态异常；它不受打哈欠的影响；它可以使用梦话；等等。,这只生物总是表现得好像睡着了一样。,总是半梦半醒的状态， 绝对不会醒来。 可以就这么睡着进行攻击。
214,214,当对手的生物尝试使用以该生物或同伴为目标的技能时，并且该技能具有优先权，它将失败。,对手生物无法使用优先攻击。,向对手施加威慑力， 使其无法对我方使出先制技能。
215,215,当这只生物因对手的技能而晕倒时，对手将受到这只生物剩余生命值的伤害。,当这只生物因对手的技能而晕倒时，对手将受到这只生物剩余生命值的伤害。,被对手打倒的时候， 会给予对手相当于 ＨＰ剩余量的伤害。
216,216,每当其他生物使用舞蹈技能时，这只生物就会立即使用相同的技能。,每当其他生物使用舞蹈技能时，这只生物就会立即使用相同的技能。,有谁使出跳舞技能时， 自己也能就这么接着使出跳舞技能。
217,217,同伴生物的技能威力提升至1.3倍。,同伴生物的技能威力提升至1.3倍。,会提高我方的 特殊技能的威力。
218,218,接触技能造成的伤害减半。火属性技能造成的伤害加倍。,接触技能造成的伤害减半。火属性技能造成的伤害加倍。,会将对手所给予的接触类技能的伤害减半， 但火属性技能的伤害会变为２倍。
219,219,当对手的生物尝试使用以该生物或同伴为目标的技能时，并且该技能具有优先权，它将失败。,对手生物无法使用优先攻击。,让对手吓一跳， 使其无法对我方使出先制技能。
220,220,每当有生物濒死时，该生物的特攻就会上升一级。,每当有生物濒死时，该生物的特攻就会上升一级。,生物每次变为濒死状态时， 特攻会提高。
221,221,当该生物因接触技能而受到通常伤害时，攻击生物的速度会降低一级。,当该生物因接触技能而受到通常伤害时，攻击生物的速度会降低一级。,对于用攻击接触到自己的对手， 会降低其速度。
222,222,当同伴晕倒时，这只生物就会获得其能力。,当同伴晕倒时，这只生物就会获得其能力。,继承被打倒的同伴的特性， 变为相同的特性。
223,223,当同伴晕倒时，这只生物就会获得其能力。,当同伴晕倒时，这只生物就会获得其能力。,继承被打倒的同伴的特性， 变为相同的特性。
224,224,当该生物晕倒另一只生物时，该生物的最高属性会提升一级。,当该生物晕倒另一只生物时，该生物的最高属性会提升一级。,打倒对手的时候， 自己最高的那项能力会提高。
225,225,根据持有的存储碟改变属性。该特性无法被复制、替换或无效，仅对银伴战兽有效。,根据持有的存储碟改变属性。,根据持有的存储碟， 自己的属性会改变。
226,226,当这只生物进入战斗时，它会将地形更改为电气场地。,当这只生物进入战斗时，它会将地形更改为电气场地。,出场时， 会布下电气场地。
227,227,当这只生物进入战斗时，它会将地形更改为心灵地形。,当这只生物进入战斗时，它会将地形更改为心灵地形。,出场时， 会布下精神场地。
228,228,当这只生物进入战斗时，它会将地形更改为迷雾地形。,当这只生物进入战斗时，它会将地形更改为迷雾地形。,出场时， 会布下薄雾场地。
229,229,当这只生物进入战斗时，它会将地形更改为草地地形。,当这只生物进入战斗时，它会将地形更改为草地地形。,出场时， 会布下青草场地。
230,230,该生物的属性不会因其他生物的技能或能力而降低。此效果仅适用于正常的能力值修改，不适用于更奇特的效果，例如颠倒或能量交换。模具破坏者、太伏特或涡轮火焰无法绕过此能力。,其他生物无法降低该生物的属性。,不会因为对手的技能或特性 而被降低能力。
231,231,当该生物拥有满生命值时，技能造成的通常伤害（不是固定伤害！）减半。该能力无法被无效化。,当这只生物的生命值满时，技能造成的通常伤害会减半。,ＨＰ全满时， 受到的伤害会变少。
232,232,该生物受到的效果绝佳伤害减少至 0.75 倍。模具破坏者、太伏特或涡轮火焰无法绕过此能力。,效果绝佳伤害降低至0.75倍。,受到效果绝佳的攻击时， 可以减弱其威力。
233,233,效果绝佳伤害增加至 1.25 倍。,效果绝佳伤害增加至 1.25 倍。,效果绝佳的攻击， 威力会变得更强。
234,234,生物第一次进入对战时，提升生物的攻击力。,对战中提升攻击力。,出场时， 攻击会提高。
235,235,生物第一次进入对战时，提升生物的防御力。,防御,出场时， 防御会提高。
236,236,将生物的属性更改为其将要使用的技能属性。每次生物进入对战时，此功能仅有效一次。,自由人将生物的属性更改为其之前使用的攻击属性。,变为与自己使出的技能 相同的属性。
237,237,在第一个生物球被扔出并且未能抓住生物后的任何时候，在回合结束时，如果具有取球功能的生物在场上并且没有持有其他物品，它将拾取与第一个扔出的球相同属性的球。,如果生物没有持有物品，它将从对战中第一次失败的投掷中获取生物球。,没有携带道具时， 会拾取第１个投出后 捕捉失败的精灵球。
238,238,当生物受到攻击时，它会向四周散落棉花绒毛，并降低除自身以外的所有生物的速度能力值。,当忽略技能和吸引技能的技能时。,受到攻击后撒下棉絮， 降低除自己以外的 所有生物的速度。
239,239,无视对手生物的能力和吸引技能的效果。,忽略技能和吸引技能的技能。,能无视具有吸引 对手技能效果的 特性或技能的影响。
240,240,仅反弹生物收到的降低属性的效果。,反映任何降低能力值的效果。,只反弹自己受到的 能力降低效果。
241,241,当生物使用冲浪或潜水时，它会带着猎物回来。当它受到伤害时，它会吐出猎物进行攻击。,如果带有吞噬导弹的克拉莫兰特使用冲浪或潜水，它会捕获猎物并根据其剩余生命值改变其形态。,冲浪或潜水时会叼来猎物。 受到伤害时， 会吐出猎物进行攻击。
242,242,无视对手生物的能力和吸引技能的效果。,忽略技能和吸引技能的技能。,能无视具有吸引 对手技能效果的 特性或技能的影响。
243,243,当受到火系或水属性攻击时，使用者的速度提高三级。攻击仍然会造成伤害。,当生物被火或水属性的技能击中时，速度能力值会大幅提升。,受到水属性或 火属性的技能攻击时， 速度会巨幅提高。
244,244,增强基于声音的技能的威力。生物也会受到此类技能一半的伤害。,增强基于声音的技能并将相同技能的伤害减半。,声音技能的威力会提高。 受到的声音技能伤害会减半。
245,245,生物受到攻击时会产生沙尘暴。,受到攻击时会产生沙尘暴。,受到攻击时， 会刮起沙暴。
246,246,生物受到冰鳞的保护，可以将特殊技能造成的伤害减半。,特殊技能造成的伤害减半。,由于有冰鳞粉的守护， 受到的特殊攻击伤害会减半。
247,247,使浆果成熟并使其效果加倍。,使浆果的效果加倍。,使树果成熟， 效果变为２倍。
248,248,当处于冰面形态的艾斯库受到物理技能击中时，它不会受到任何伤害并变为解冻头形态。如果艾斯库处于解冻头形态时发生冰雹或暴风雪，或者在冰雹期间以解冻头形态出场，它会立即恢复为冰面形态。,生物的冰头可以代替物理攻击，但攻击也会改变生物的外观。下雪时冰会恢复原样。,头部的冰会代替自己承受 物理攻击，但是样子会改变。 下冰雹时，冰会恢复原状。
249,249,“拥有能量点的生物的同伴所使用的技能威力增加30%。”,只要靠近生物就能增强技能能力。,只要处在相邻位置， 技能的威力就会提高。
250,250,根据地形改变生物的属性。,根据地形改变属性。,生物的属性会根据 场地的状态而变化。
251,251,当生物进入战斗时，对手和同伴生物的光墙、反射壁和极光幕的效果都无效。,消除光墙、反射壁和极光幕的效果。,出场时，对手和我方的光墙、 反射壁和极光幕的效果会消失。
252,252,增强生物及其同伴的钢属性技能。,增强同伴生物的钢属性技能。,我方的钢属性 攻击威力会提高。
253,253,当拥有毁灭之体的生物被接触技能击中时，攻击者和毁灭之体的生物都会在三回合内濒死。,当被直接接触的技能击中时，生物和攻击者将在三回合后濒死，除非他们退出战斗。,受到接触类技能攻击时， 双方都会在３回合后变为濒死状态。 替换后效果消失。
254,254,生物与通过直接接触的技能击中它的生物交换能力。,在接触时与对手交换能力。,与使用接触类技能 攻击自己的生物互换特性。
255,255,提高生物的攻击力，但只允许使用第一个选定的技能。,提高生物的攻击力，但只允许使用第一个选定的技能。,虽然攻击会提高， 但是只能使出 一开始所选的技能。
256,256,当该生物在战斗时，所有其他生物的能力效果将被无效或不会被触发。,无效化对战中所有生物的能力。,特性为化学变化气体的生物在场时， 场上所有生物的 特性效果都会消失或者无法生效。
257,257,防止生物及其队友中毒。出场时还能治愈队友的中毒。,防止生物及其同伴中毒。,自己和同伴都不会 陷入中毒的异常状态。
258,258,生物会改变其形态，在每个回合结束后在满腹模式和饥饿模式之间交替。,使莫佩科每回合改变形态，在满腹模式和饥饿模式之间交替,每回合结束时会在 满腹花纹与空腹花纹之间 交替改变样子。
259,259,如果具有此能力的生物选择了一个破坏性的技能，它有 30% 的机会在其优先级中排名第一。,偶尔使生物先行动。,有时能比对手先一步行动。
260,260,如果生物使用直接接触的技能，即使目标保护自己，它也可以攻击目标。,接触技能可以击穿守住/看穿。,如果使出的是接触到对手的技能， 就可以无视守护效果进行攻击。
261,261,当生物进入战斗时，它会从壳中散落药物，从而消除同伴的所有能力值变化。,出场后重置所有能力值变化。,出场时会从贝壳撒药， 将我方的能力变化复原。
262,262,该生物使用的电属性技能威力增加50%。,增强电属性技能。,电属性的技能威力会提高。
263,263,该生物使用的龙属性技能威力增加50%。,强化龙系技能。,龙属性的技能威力会提高。
264,264,当生物打倒目标时，它会发出令人毛骨悚然的嘶鸣，从而提高其攻击力。,打倒生物后攻击力提升。,打倒对手时 会用冰冷的声音嘶鸣 并提高攻击。
265,265,当生物打倒目标时，它会发出可怕的嘶鸣，从而提高自己的特攻。,打倒生物后提高特攻。,打倒对手时 会用恐怖的声音嘶鸣 并提高特攻。
266,266,兼备蕾冠王的紧张感和 雪暴马的苍白嘶鸣这两种特性。,兼备蕾冠王的紧张感和 雪暴马的苍白嘶鸣这两种特性。,兼备蕾冠王的紧张感和 雪暴马的苍白嘶鸣这两种特性。
267,267,兼备蕾冠王的紧张感和 灵幽马的漆黑嘶鸣这两种特性。,兼备蕾冠王的紧张感和 灵幽马的漆黑嘶鸣这两种特性。,兼备蕾冠王的紧张感和 灵幽马的漆黑嘶鸣这两种特性。
268,268,与生物接触会改变攻击者的余香能力。,接触会改变攻击者的余香能力。,与生物接触会改变攻击者的余香能力。
269,269,当生物受到攻击时，将地面变成草地。,当生物受到攻击时，将地面变成草地。,当生物受到攻击时，将地面变成草地。
270,270,当生物被火属性技能击中时，攻击力会提升。生物也不能被灼伤。,受到火属性技能攻击时攻击力上升，且不会被灼伤。,当生物被火属性技能击中时，攻击力会提升。生物也不能被灼伤。
271,271,当攻击导致其生命值下降到一半或更少时，生物就会生气。这会降低其防御力和特防能力值，但提高其攻击力、特攻和速度能力值。,当生物的生命值低于一半时，愤怒贝壳会降低其防御和特防，但其攻击、特攻和速度会提高。,当攻击导致其生命值下降到一半或更少时，生物就会生气。这会降低其防御力和特防能力值，但提高其攻击力、特攻和速度能力值。
272,272,生物的纯盐可以保护它免受异常状态影响，并将幽灵类技能造成的伤害减半。,防止异常状态并使幽灵类技能造成的伤害减半。,生物的纯盐可以保护它免受异常状态影响，并将幽灵类技能造成的伤害减半。
273,273,生物在被火属性技能击中时不会受到伤害。相反，它的防御力大幅提升。,免疫火属性技能，防御大幅提升。,生物在被火属性技能击中时不会受到伤害。相反，它的防御力大幅提升。
274,274,如果顺风生效或生物被风技能击中，则增强生物的攻击力。生物也不会受到风招的伤害。,免疫风系技能，被攻击的生物攻击力提升一级。,如果顺风生效或生物被风技能击中，则增强生物的攻击力。生物也不会受到风招的伤害。
275,275,如果受到威胁，会提高生物的攻击力。迫使生物切换的技能和物品也不起作用。,如果受到胁迫，可提高攻击力，并防止被迫退出。,如果受到威胁，会提高生物的攻击力。迫使生物切换的技能和物品也不起作用。
276,276,该生物使用的岩石属性技能威力增加50%。,增强岩石属性的技能。,增强岩石属性的技能。
277,277,当生物被风技能击中时，它就会充电，从而增强生物使用的下一个电属性技能的威力。,受到风系技能攻击时，下一个电属性技能的威力会翻倍。,当生物被风技能击中时，它就会充电，从而增强生物使用的下一个电属性技能的威力。
278,278,生物在切换时会转变为英雄形态。,切换时会变身为英雄形态。,生物在切换时会转变为英雄形态。
279,279,当生物进入对战时，如果有同伴在场，它会进入同伴吃吼霸的嘴里。然后生物从那里发出命令。,如果同伴吃吼霸在场上，则进入同伴吃吼霸的嘴里。,当生物进入对战时，如果有同伴在场，它会进入同伴吃吼霸的嘴里。然后生物从那里发出命令。
280,280,生物受到伤害时会充电，从而增强生物使用的下一个电属性技能的威力。,受到攻击时，下一次使用的电属性技能的威力将翻倍。,生物受到伤害时会充电，从而增强生物使用的下一个电属性技能的威力。
281,281,在强烈的阳光下或如果生物持有增强能量，则可提高生物最熟练的属性。,在强烈阳光下或持有助推器能量时提高最高属性。,在强烈的阳光下或如果生物持有增强能量，则可提高生物最熟练的属性。
282,282,增强生物在电气场地上最熟练的能力值，或者如果生物持有增强能量。,在电气场地上或持有助推器能量时提高最高能力值。,增强生物在电气场地上最熟练的能力值，或者如果生物持有增强能量。
283,283,纯金的身体使生物完全免疫其他生物的状态技能。,免疫状态技能。,纯金的身体使生物完全免疫其他生物的状态技能。
284,284,灾祸之鼎的力量会降低自身以外所有生物的特攻。,降低除自身以外的所有生物的特攻。,灾祸之鼎的力量会降低自身以外所有生物的特攻。
285,285,生物毁灭性剑的力量会降低除生物之外的所有生物的防御力。,降低除自身以外的所有生物的防御力。,生物毁灭性剑的力量会降低除自身以外的所有生物的防御力。
286,286,生物毁灭性木板的力量会降低除自身以外的所有生物的攻击力。,降低除自身以外的所有生物的攻击力。,生物毁灭性木板的力量会降低除自身以外的所有生物的攻击力。
287,287,灾祸之玉的力量会降低自身以外所有生物的特防。,降低除自身以外的所有生物的特防。,灾祸之玉的力量会降低自身以外所有生物的特防。
288,288,当生物进入战斗时，阳光会变得刺眼。生物体内传来的古老脉冲也会在刺眼的阳光下增强其攻击力。,进入战斗时使阳光变得刺眼，并在激活时提高攻击力。,当生物进入战斗时，阳光会变得刺眼。生物体内传来的古老脉冲也会在刺眼的阳光下增强其攻击力。
289,289,当生物进入对战时，将场地变成电气场地。生物体内的未来引擎也会在电气场地上提高自身特攻。,进入对战时创建电气场地，并在激活时增强特攻。,当生物进入对战时，将场地变成电气场地。生物体内的未来引擎也会在电气场地上提高自身特攻。
290,290,如果对手的属性得到提升，生物就会抓住机会为自己提升相同的属性。,复制对手的能力值提升。,如果对手的属性得到提升，生物就会抓住机会为自己提升相同的属性。
291,291,当生物吃掉浆果时，它会在下一回合结束时回流该浆果并再次吃掉它。,使生物在下一回合结束时重复使用已经消耗的浆果。,当生物吃掉浆果时，它会在下一回合结束时回流该浆果并再次吃掉它。
292,292,所有“切片”技能的威力增加 50%。,增强切片技能。,增强切片技能。
293,293,当生物进入对战时，队伍中每有一个已被打倒的同伴，它的攻击力和特攻都会略有提高。,每击败一方生物，攻击力和特攻力都会增强。,当生物进入对战时，队伍中每有一个已被打倒的同伴，它的攻击力和特攻都会略有提高。
294,294,当生物进入战斗时，它会复制同伴的能力值变化。,复制同伴进入对战时的能力值变化。,当生物进入战斗时，它会复制同伴的能力值变化。
295,295,当生物因物理技能受到伤害时，会在对方队伍的脚下散布毒刺。,当生物因物理技能受到伤害时，会在对方队伍的脚下散布毒刺。,当生物因物理技能受到伤害时，会在对方队伍的脚下散布毒刺。
296,296,覆盖生物头部的神秘尾巴使对手无法对生物或其同伴使用优先技能。,阻止对手使用任何优先技能，例如快速攻击。,覆盖生物头部的神秘尾巴使对手无法对生物或其同伴使用优先技能。
297,297,如果被地面属性的技能击中，生物会恢复生命值而不是受到伤害。,受到地面属性攻击时恢复生命值。,如果被地面属性的技能击中，生物会恢复生命值而不是受到伤害。
298,298,生物在使用状态技能时总是会变慢，但这些技能不会受到目标能力的阻碍。,状态技能排在最后，但不受对手能力的影响。,生物在使用状态技能时总是会变慢，但这些技能不会受到目标能力的阻碍。
299,299,心灵之眼使具有此能力的生物能够用造成伤害的普通和格斗属性技能击中幽灵属性生物。它还可以防止其他生物降低该生物的命中率并忽略对手回避的变化。,生物无视对手闪避的变化，命中率不会降低，并且可以用一般属性和格斗属性技能攻击幽灵系。,生物无视对手闪避变化，命中率不降低，可以用一般属性和格斗属性技能攻击幽灵系
300,300,当生物第一次进入对战时，一种令人作呕的甜味会在场地上蔓延，降低对手生物的躲避能力。,每场对战一次，当带有超甜糖浆的生物进入对战时，它会将所有相邻对手的回避属性降低一级。,首次投入对战时，对手生物的回避率降低 1 级
301,301,当生物进入战斗时，它会热情款待同伴，并恢复同伴的少量生命值。,热情款待的生物进入战斗时，会为我方恢复25%的生命值。,当生物进入战斗时，它会热情款待同伴，并恢复同伴的少量生命值
302,302,生物有毒链的力量可能会严重毒害生物的技能击中的任何目标。,当生物用技能击中对手时，可能会导致剧毒。,生物有毒链的力量可能会对生物的技能击中的任何目标造成剧毒
303,303,体现方面会提升特定的能力值，具体取决于巨型巨蜥的形态,体现方面会提升特定的能力值，具体取决于巨型巨蜥的形态,生物的心脏充满了记忆，使面具发光，并且其中一只生物的属性得到提升。
304,304,当生物进入战斗时，它会吸收周围的能量并转变为特拉斯塔形式。,当特拉帕戈斯进入战斗时，它会转变为特拉斯塔形态，直到战斗结束。,当生物进入战斗时，它会吸收周围的能量并转变为特拉斯塔形式。
305,305,生物的外壳包含每种属性的力量。当生物满血时，所有造成伤害的技能都不会非常有效。,当生物满血时，所有造成伤害的技能都不会非常有效。,生物的外壳包含每种属性的力量。当生物满血时，所有造成伤害的技能都不会非常有效。
306,306,当特拉帕戈斯变成恒星形态时，它会利用其隐藏的力量消除天气和地形的所有影响，将其减少到零。,一旦特拉帕戈斯呈现出恒星形态，它将立即抵消天气和地形的影响。,当特拉帕戈斯变成恒星形态时，它会利用其隐藏的力量消除天气和地形的所有影响，将其减少到零。
307,307,当生物因佩查兰特的任何技能而中毒时，它也会变得混乱。,被佩查兰特的技能中毒的生物也会变得混乱。,被佩查兰特的技能中毒的生物也会变得混乱。
308,308,当生物使用接触技能时，它甚至可以击中正在保护自己的目标，造成的伤害是该技能原本造成的伤害的 1/4。除了目标的保护效果之外的一切仍然会被触发。,当生物使用接触技能时，它甚至可以攻击正在保护自己的目标。,当生物使用接触技能时，它甚至可以击中正在保护自己的目标，造成的伤害是该技能原本造成的伤害的 1/4。除了目标的保护效果之外的一切仍然会被触发。
309,309,生物的一般属性技能变为龙属性技能，威力提升20%。,生物的一般属性技能变为龙属性技能，威力提升20%。,生物的一般属性技能变为龙属性技能，威力提升20%。
310,310,即使阳光没有变得刺眼，生物也可以像天气是刺眼的阳光一样使用技能。,生物可以像天气是刺眼的阳光一样使用它的技能。,即使阳光没有变得刺眼，生物也可以像天气是刺眼的阳光一样使用技能。
311,311,当生物因技能而受到伤害时，它会灼伤攻击者。,当生物因技能而受到伤害时，它会灼伤攻击者。,当生物因技能而受到伤害时，它会灼伤攻击者。
312,312,生物漂浮在地面上，使其免受地面属性的技能以及尖刺、有毒尖刺和粘网状态的影响。当生物攻击打倒目标时，其最高属性会提升1级。,生物漂浮在地面上，使其免受地面属性的技能以及尖刺、有毒尖刺和粘网状态的影响。当生物攻击打倒目标时，其最高属性会提升1级。,生物漂浮在地面上，使其免受地面属性的技能以及尖刺、有毒尖刺和粘网状态的影响。当生物攻击打倒目标时，其最高属性会提升1级。
313,313,生物的火属性技能威力提升50%。,生物的火属性技能威力提升50%。,生物的火属性技能威力提升50%。
10001,10001,暂无说明。,暂无说明。,暂无说明。
10002,10002,暂无说明。,暂无说明。,暂无说明。
10003,10003,暂无说明。,暂无说明。,暂无说明。
10004,10004,暂无说明。,暂无说明。,暂无说明。
10005,10005,暂无说明。,暂无说明。,暂无说明。
10006,10006,暂无说明。,暂无说明。,暂无说明。
10007,10007,暂无说明。,暂无说明。,暂无说明。
10008,10008,暂无说明。,暂无说明。,暂无说明。
10009,10009,暂无说明。,暂无说明。,暂无说明。
10010,10010,暂无说明。,暂无说明。,暂无说明。
10011,10011,暂无说明。,暂无说明。,暂无说明。
10012,10012,暂无说明。,暂无说明。,暂无说明。
10013,10013,暂无说明。,暂无说明。,暂无说明。
10014,10014,暂无说明。,暂无说明。,暂无说明。
10015,10015,暂无说明。,暂无说明。,暂无说明。
10016,10016,暂无说明。,暂无说明。,暂无说明。
10017,10017,暂无说明。,暂无说明。,暂无说明。
10018,10018,暂无说明。,暂无说明。,暂无说明。
10019,10019,暂无说明。,暂无说明。,暂无说明。
10020,10020,暂无说明。,暂无说明。,暂无说明。
10021,10021,暂无说明。,暂无说明。,暂无说明。
10022,10022,暂无说明。,暂无说明。,暂无说明。
10023,10023,暂无说明。,暂无说明。,暂无说明。
10024,10024,暂无说明。,暂无说明。,暂无说明。
10025,10025,暂无说明。,暂无说明。,暂无说明。
10026,10026,暂无说明。,暂无说明。,暂无说明。
10027,10027,暂无说明。,暂无说明。,暂无说明。
10028,10028,暂无说明。,暂无说明。,暂无说明。
10029,10029,暂无说明。,暂无说明。,暂无说明。
10030,10030,暂无说明。,暂无说明。,暂无说明。
10031,10031,暂无说明。,暂无说明。,暂无说明。
10032,10032,暂无说明。,暂无说明。,暂无说明。
10033,10033,暂无说明。,暂无说明。,暂无说明。
10034,10034,暂无说明。,暂无说明。,暂无说明。
10035,10035,暂无说明。,暂无说明。,暂无说明。
10036,10036,暂无说明。,暂无说明。,暂无说明。
10037,10037,暂无说明。,暂无说明。,暂无说明。
10038,10038,暂无说明。,暂无说明。,暂无说明。
10039,10039,暂无说明。,暂无说明。,暂无说明。
10040,10040,暂无说明。,暂无说明。,暂无说明。
10041,10041,暂无说明。,暂无说明。,暂无说明。
10042,10042,暂无说明。,暂无说明。,暂无说明。
10043,10043,暂无说明。,暂无说明。,暂无说明。
10044,10044,暂无说明。,暂无说明。,暂无说明。
10045,10045,暂无说明。,暂无说明。,暂无说明。
10046,10046,暂无说明。,暂无说明。,暂无说明。
10047,10047,暂无说明。,暂无说明。,暂无说明。
10048,10048,暂无说明。,暂无说明。,暂无说明。
10049,10049,暂无说明。,暂无说明。,暂无说明。
10050,10050,暂无说明。,暂无说明。,暂无说明。
10051,10051,暂无说明。,暂无说明。,暂无说明。
10052,10052,暂无说明。,暂无说明。,暂无说明。
10053,10053,暂无说明。,暂无说明。,暂无说明。
10054,10054,暂无说明。,暂无说明。,暂无说明。
10055,10055,暂无说明。,暂无说明。,暂无说明。
10056,10056,暂无说明。,暂无说明。,暂无说明。
10057,10057,暂无说明。,暂无说明。,暂无说明。
10058,10058,暂无说明。,暂无说明。,暂无说明。
10059,10059,暂无说明。,暂无说明。,暂无说明。
10060,10060,暂无说明。,暂无说明。,暂无说明。
